feature_1,feature_2,feature_3,feature_4,label
37.454011884736246,92.56646441930982,261.70568373590595,6.72702994208898,0
95.07143064099162,270.9504736891791,246.97879907199982,7.966813971913723,1
73.1993941811405,436.47291793820415,906.2545805210367,2.50467898792499,1
59.86584841970366,366.1124432047806,249.5461998495061,6.248740996069989,0
15.601864044243651,403.28057393072487,271.94972612863097,5.717459831437487,0
15.599452033620265,329.3916833553587,759.3982624179637,8.32830376788271,0
5.8083612168199465,346.1382822589262,449.73984245054,9.060870604812605,0
86.61761457749351,424.59782578265964,776.7105569551812,0.12156771477386807,0
60.11150117432088,124.83400442959297,65.36615756438525,6.740199190587926,0
70.80725777960456,244.71248182157024,487.5711936733843,0.5183579911972902,0
2.0584494295802447,110.60472090980112,33.613600183282635,5.488586650773559,0
96.99098521619943,493.8340039983235,62.65320345535452,2.876327290436782,0
83.24426408004217,472.02966984330664,906.437453344411,3.067765995221412,0
21.233911067827616,19.713405684252947,139.24537111759517,3.5295850345235658,0
18.182496720710063,352.7875862578442,532.4206822752171,6.212924490496102,0
18.34045098534338,462.6241587078329,411.09560260070657,3.340499656687692,0
30.42422429595377,90.28767256366676,347.3433262588427,7.326990505902804,1
52.475643163223786,283.97261527631474,899.8333456872724,4.045273855738697,1
43.194501864211574,457.74414879402093,21.8233967754895,0.6835320030995862,0
29.122914019804192,16.97298929289942,663.789686175589,7.837598424841072,0
61.18528947223795,348.71013362341995,963.3944342135504,2.85758324592706,0
13.949386065204184,148.6745036862754,560.168183461842,4.3276687959926265,0
29.214464853521815,462.1980976882652,936.8224620330918,6.8544388322190155,0
36.63618432936917,485.5291225826839,52.257879286023766,3.32456157148712,1
45.606998421703594,472.13324455671693,418.7933190741614,0.5658565614671562,0
78.51759613930136,237.1071083287319,260.15779096205114,3.739210470128136,1
19.967378215835975,431.0213254946567,730.8209649807297,9.444485826943033,0
51.42344384136116,422.2746992675352,981.2970904972467,6.417343972985582,0
59.24145688620425,159.55023662162782,256.5300624442478,6.71479148667207,1
4.645041271999773,414.4577370753387,654.1746014740745,6.322821536376399,0
60.75448519014384,18.50381735774631,198.09763275974012,1.989921389594368,0
17.052412368729154,298.13493924102653,565.3302545716099,4.183338641022801,0
6.505159298527952,115.00441864385152,463.9324866883362,7.509397983633183,0
94.88855372533332,60.28344288863941,972.005329631537,1.0137289755315915,1
96.56320330745594,38.47660081460458,608.5272726964665,2.7785277608971226,0
80.83973481164611,348.1443879390699,349.50637208681877,2.763191084658536,1
30.46137691733707,169.93748188403308,114.09578488793338,4.32018927594506,1
9.767211400638388,362.3833857643807,151.24682873493455,9.803687409421851,1
68.42330265121569,32.678170399471185,225.3169299512351,0.6750254668382194,0
44.01524937396013,157.64516891530516,250.966661340298,5.1870099438059505,0
12.203823484477883,269.7456461876686,850.6160578411378,1.7936468201221045,1
49.51769101112702,395.36158241948175,561.2227882825249,9.706765454097441,0
3.4388521115218396,159.37625146603494,523.3909113743664,1.133035047274642,0
90.9320402078782,312.94568821850453,114.76887186921746,4.036010023615912,0
25.87799816000169,442.9888741180936,860.139693349435,7.378849848346062,0
66.2522284353982,307.9315940911523,722.8143032084837,7.045544280274453,0
31.171107608941096,116.47973737681689,67.66836190000159,4.227286368939323,0
52.00680211778108,12.20039077826901,707.8350972297686,3.4652416795271823,0
54.67102793432797,435.04943695046495,543.538217342646,3.9761237855287055,1
18.485445552552704,10.63470542519357,81.72534574677826,2.642762631586393,0
96.95846277645586,437.3508363420997,458.30064152865646,2.053329387067998,1
77.51328233611146,264.468567013606,484.696287130047,4.8303969755889,0
93.9498941564189,469.5338492564481,165.77454016327576,2.685337560676073,1
89.48273504276489,399.3916178868327,945.6981470002823,2.874616648972501,0
59.78999788110851,498.96705526666875,849.9753714806619,6.56756063474557,1
92.18742350231169,175.35590772585508,669.0223373291083,9.685373316998922,0
8.84925020519195,383.59414446556343,462.2955610006072,6.036372005593751,1
19.59828624191452,200.96545680462108,411.7655415845085,0.7697946706496628,0
4.522728891053807,239.9378101519544,650.9734671509542,0.7558361385406698,1
32.53303307632643,313.75273160918505,545.4318694069054,9.51423220845566,1
38.8677289689482,436.83855709316936,62.27310588188561,2.9729079030733363,0
27.134903177389592,492.04173459964755,512.5026487703317,0.9206698608247543,0
82.87375091519293,384.1367069322591,806.4036172328395,5.990445871503816,1
35.67533266935893,208.88339108366688,459.2398775969581,6.236487782902661,0
28.093450968738075,210.6785011385351,51.956577554268414,6.485048201186881,1
54.26960831582485,368.79115079444574,786.2781993840331,2.674020278575413,0
14.092422497476264,119.38857288415117,201.3637821359744,0.15110684214475034,0
80.21969807540397,55.23705656569733,258.62083488803876,9.650153694544718,1
7.455064367977082,177.31107882038827,164.70635343229588,2.508930456911025,0
98.68869366005173,143.61949582704088,330.21506487149753,6.760262880525475,1
77.22447692966574,148.15406022799505,756.751505688635,7.0662986987870955,0
19.87156815341724,116.80387552495498,519.3858595039374,6.100074170794857,0
0.5522117123602399,21.046594818180942,204.88127415071256,3.129073942136482,0
81.54614284548342,8.936967366706906,877.8300781520409,2.7109625376406576,0
70.68573438476172,493.8611948680158,879.5818549515292,5.976682827027031,0
72.90071680409874,213.88656686793118,870.5784250460069,8.660956336116914,0
77.12703466859458,192.16332357984084,238.79621138153928,9.467337289233956,0
7.4044651734090365,339.82364134653494,451.2393441809881,1.0590580440375763,0
35.84657285442726,109.12694393253209,984.9896561408751,1.5482861259771985,1
11.586905952512971,474.98059197511265,772.0124763099903,9.447362587830796,0
86.31034258755935,393.17250720777605,27.167421225559817,7.365352283347926,0
62.329812682755794,44.705501156129756,65.20459126049205,8.829938248297731,0
33.08980248526492,208.79038789246417,463.93137681233276,2.026326341353432,0
6.355835028602364,439.55915378108233,909.2202058615602,5.875858711094018,1
31.09823217156622,472.36601114570516,538.7017979527142,7.011395944174737,0
32.518332202674706,233.70075562493486,497.8125080342902,6.801118854469727,0
72.96061783380641,306.70569460535387,105.47369995663058,4.081516908666981,0
63.75574713552131,83.5169730460376,656.780104724294,0.15394891691308477,0
88.72127425763266,495.58431306848826,822.1031606002255,5.829260568042631,1
47.22149251619493,115.8358506917217,380.42000750756233,2.5310153917960876,0
11.959424593830171,471.3658870675628,775.6118509253274,4.502542461428903,1
71.3244787222995,324.8233244961842,964.4766539008116,9.575810150838173,0
76.07850486168974,303.86839743942954,203.7664591276891,3.990353176424347,0
56.127719756949624,256.3442555082543,523.3296311947413,8.398016066644267,1
77.0967179954561,115.33490585887934,287.13795808457553,1.8854060574925113,0
49.379559636439076,88.26401600275413,792.8544190338393,6.724604980250288,0
52.27328293819941,110.24310453508768,577.5933658811575,9.770069544389434,0
42.75410183585496,93.21913107212725,634.5824175503037,1.018931008729368,0
2.541912674409519,389.79223678337667,797.914159615894,0.08319942227192012,0
10.789142699330444,175.06262958336504,395.9704726624549,4.335827926326143,0
3.142918568673425,28.921338281698183,915.0900684070432,0.926254830513672,0
63.64104112637804,484.5513150704057,533.02886724614,7.483843496762313,0
31.435598107632668,441.89294248171285,157.954822835348,9.14548663848559,0
50.85706911647028,463.8761415976065,695.8991181688025,4.340209727087588,0
90.7566473926093,497.45391132321765,793.2613504382545,2.5871164215544096,0
24.929222914887493,86.94762460974364,316.76167706752665,4.344033190066098,0
41.038292303562976,198.12100945132937,857.179256998753,7.2344781785000105,1
75.55511385430486,379.11923785204567,906.1432547657664,0.09054161580370979,0
22.879816549162246,348.0103090268961,276.90448737780895,5.894539894846972,1
7.697990982879299,76.94795316992753,983.5214727152221,6.132916848873791,0
28.9751452913768,407.9165624953089,140.71152804875842,6.376882468959355,0
16.122128725400444,112.22028591833033,202.01566840248998,2.420220799808772,0
92.96976523425731,111.90880741131154,184.22483923802614,7.140527233781268,0
80.8120379564417,268.4872114467068,893.9897100078704,0.9139148633177641,0
63.34037565104234,296.46996742085156,654.2925523249619,1.9927033646680081,0
87.14605901877177,290.0431039189056,152.10428322227287,8.77470046654482,0
80.36720768991145,45.743418698877434,440.323418368349,7.387231507265664,1
18.657005888603585,438.7304313151902,615.2980250698021,0.1374555401134525,0
89.25589984899777,132.80002129435303,83.4640849893833,2.4837626036980023,0
53.93422419156507,64.75746064140209,882.4163684073387,2.1440648299316454,1
80.74401551640625,444.3740399344886,803.6035354415352,2.7080632803697258,0
89.60912999234932,477.82574911487666,505.2067735766382,2.475597702798864,0
31.800347497186387,431.0638086327253,967.1266152591704,0.6252629574284574,0
11.005192452767677,404.75803736243904,417.7609792750997,4.589405165968204,1
22.793516254194166,327.62099031951084,984.1103190364978,7.327334747861651,1
42.71077886262563,275.4286853045696,667.9199988036271,6.067317247174364,0
81.80147659224932,43.493379955705066,634.6712732539414,6.728716685980798,0
86.07305832563435,204.22660653534936,165.954895295785,0.8114917853623915,1
0.6952130531190703,186.344258506157,881.9277583046439,9.514907101767871,0
51.07473025775657,129.8768918801631,427.48968792061515,8.384918338430248,0
41.7411003148779,361.71005684429247,162.23340578247937,8.050903184956628,0
22.210781047073024,247.9378675393854,12.60751997575904,8.229838050417674,0
11.98653673336828,40.52310795382397,559.7556836383826,9.327105081327613,0
33.7615171403628,110.09160097490567,527.3996221226763,5.442539661136977,0
94.29097039125192,341.629381829798,719.3536223691585,2.002820178676259,0
32.320293202075526,38.06542974515009,890.2580530178021,6.167836078525411,0
51.87906217433661,425.60345702438434,79.40658464302952,7.42881493667939,1
70.30189588951778,247.57326350698716,731.4964903403624,7.379173933540254,0
36.3629602379294,240.293288663324,187.41194409758222,5.214490241668801,0
97.17820827209607,296.2038923297588,858.177053157164,0.6845871933357806,0
96.24472949421113,412.3404829625746,819.0635138616561,3.7111293843012785,0
25.178229582536417,173.90460395109653,540.7937549855444,9.207666084633573,0
49.72485058923854,339.0080762795318,710.2427986233115,5.84448909757426,0
30.087830981676966,282.8659819978955,314.3501131837484,5.383319432557134,1
28.484049437746762,133.51413508471066,471.16789893281464,2.688535143821935,1
3.6886947354532795,439.31499317757897,821.6368977104717,3.684489199165789,0
60.956433397989684,398.71301080346404,459.2651971732139,8.953460891531693,0
50.26790232288615,329.22591732921273,357.7982653254418,6.664630475268357,0
5.147875124998935,425.290864547121,494.2124472502999,7.873870267523328,1
27.864646423661142,433.64710047990116,828.2492524372184,4.543454230676551,1
90.82658859666537,354.18148835751737,335.20804737087275,6.302472194561579,0
23.95618906669724,418.506664181836,173.7615931357438,2.483836087432075,0
14.48948720912231,348.7357308346418,712.0140203307808,7.054608302834863,1
48.9452760277563,340.0703858801502,825.9782127080819,4.276013337033373,0
98.56504541106007,309.3056891075922,100.63747852353333,4.4254551481474556,0
24.20552715115004,376.3583197788206,239.87411275594474,6.493223245768816,0
67.21355474058785,79.30255264653685,141.9719897609939,9.362806214689266,0
76.16196153287176,440.4353795994642,347.9414115821666,0.6400634660862092,1
23.763754399239968,435.921763872616,450.35097890541266,8.247432373470076,1
72.82163486118596,14.623641517279573,748.8263369633065,2.9238311041219314,0
36.77831327192532,412.9083752823813,651.1475848816741,4.439194545063778,0
63.23058305935795,64.4349337367226,620.9285674784312,0.21913328775008956,0
63.35297107608947,167.55942712957093,352.3749466096544,3.0104607783431305,0
53.57746840747585,371.75412814580386,841.44755308476,5.026312426301304,0
9.02897700544083,80.3799480241541,471.28716739816457,0.5617607734743901,0
83.5302495589238,408.9835120595311,979.1049380151545,4.910957293831651,0
32.07800649717358,416.06708897887097,634.1421382957368,9.271106288584273,0
18.651851039985424,253.7338668804181,126.26474156450274,1.0539321810780522,0
4.077514155476392,3.19293585841679,676.177562075434,7.644407280755043,0
59.08929431882418,143.5190665874564,325.104015431699,4.096710533759927,0
67.75643618422824,308.4634591878711,686.3271966860974,6.55173714524338,0
1.6587828927856152,490.59308901371173,69.64114816240574,2.6023659798522933,1
51.2093058299281,315.90676350833417,174.88143717595938,1.5949226254135829,0
22.649577519793795,129.9017905320799,855.7372589057863,1.6046261427122643,0
64.51727904094498,317.00285154980565,227.1795570235149,0.7049194564314465,1
17.436642900499145,269.99268985792776,837.0411252429401,1.8564670490124302,1
69.09377381024659,389.9226975755718,279.27608845441046,6.642193849889683,0
38.67353463005374,53.490319413479206,642.8819100587076,8.81690611843508,1
93.67299887367345,380.513951251014,694.150573509831,8.141256855911617,0
13.752094414599325,270.63328933805514,512.654753145053,6.851343098744841,0
34.10663510502585,481.4960019294973,305.31067669673126,1.1043186341110267,0
11.347352124058908,170.93608301934304,212.64437637109612,2.8918744629594983,0
92.46936182785628,316.31094656697405,33.18935456242622,3.0980687532246898,0
87.7339353380981,466.0140527550087,303.9464012407238,2.4995694639762123,0
25.79416277151556,51.254863995339626,653.162790531283,5.150056597097231,0
65.99840460341791,468.61424361822554,938.3048184484827,5.355538148796725,0
81.72222002012158,343.94286115040666,871.204482263052,3.568859751711102,0
55.52008115994623,33.91852955258595,766.0647765353026,3.53789158736436,0
52.965057835600646,150.48178347340811,788.4473432532986,8.285555979060813,0
24.18522909004517,354.0860443226408,664.9849034759952,7.892928483196856,1
9.310276780589922,33.67530073438585,260.286857566003,3.0779583168074565,1
89.72157579533267,291.08523008813665,907.1950307058298,9.137884438732593,1
90.04180571633304,172.94152847647837,670.7323119058341,9.52815017002506,0
63.31014572732679,310.45775888373856,560.4406309804399,3.267425420300408,1
33.90297910487007,22.871016906256425,110.98946921348107,3.5442494879305486,0
34.92095746126609,435.7684030761881,447.0555438064254,5.056341534219588,0
72.59556788702393,486.74448458869847,460.3582712019263,9.411208125336735,0
89.71102599525771,484.4389276428457,864.5636095226699,8.763194331423115,0
88.70864242651173,374.82591587146237,546.6482201877885,1.025679625835898,0
77.98755458576238,65.04312006531599,380.40054897040966,3.927307432714162,0
64.20316461542878,379.1315979645113,976.8003285106594,5.533711897497718,1
8.413996499504883,12.293458229400755,110.72059332631568,5.0313247255154,0
16.162871409461378,11.061775764498627,422.54842831194463,1.9386306793689267,0
89.85541885270793,161.80510957477063,42.02467517140529,8.588167711681546,1
60.642905965958995,244.32159520233287,739.9041207669303,6.769407829968373,0
0.9197051616629648,385.2037089038966,918.0765521991507,8.379083748518037,0
10.147154286603211,341.6476883032526,280.03732955048946,8.587642793494721,0
66.35017691080559,222.95135318837416,858.3416767991209,7.483558536657398,0
0.5061583846218687,136.81333314083292,292.21823046189775,4.392106012497173,0
16.080805141749867,498.5622500788556,910.7701616439152,6.105467550154246,0
54.87337893665861,213.09065111798648,753.9619035967839,1.6036540611974315,0
69.18951976926932,225.69351216483773,804.9067768414386,6.736454174749077,0
65.19612595026005,81.81191059583459,18.006555600454497,1.7925325573928075,0
22.42693094605598,397.4047743749647,962.810357074026,6.939495905101568,0
71.2179221347536,346.84111289074434,726.6709920703232,2.2959816075396864,0
23.724908749680008,110.38480639438019,304.75109538613333,1.1755130015021997,1
32.539969815926774,41.19052280792135,829.3946648588469,1.6528449014295743,0
74.64914051180241,340.24965103735656,281.5211984149299,0.01992135219070268,0
64.96328990472146,327.25560714056763,872.7538395661279,7.187396178535303,0
84.9223410494178,136.62976349910466,112.58039041193702,7.324010490583791,0
65.76128923003434,475.4317811252052,703.6859774607957,5.149333499132594,0
56.830860333547164,75.52894589045012,540.6984766449103,1.613628010553837,0
9.367476782809248,216.16740052130095,96.53447019544082,0.8355433751068975,1
36.77158030594335,471.80796008379946,241.893828258839,0.1912896643728701,1
26.520236768172545,209.86365846306114,12.40403627731479,1.657481769652207,0
24.398964337908357,319.26297383204275,468.76796546450583,8.908555349831467,1
97.30105547524455,198.79719898139714,301.2652607600004,2.4153684170168175,0
39.30977246667604,137.107601174335,598.3574842977588,3.542713272172157,0
89.20465551771133,491.9888239799141,297.2378077086172,1.0534548448133318,0
63.11386259972629,204.66700315752152,299.9191115069847,2.223613047481703,0
79.48113035416485,447.04960183956723,743.1931987316034,5.192245707802051,1
50.26370931051921,114.97730294554309,48.142835978353446,6.077526830956526,0
57.69038846263591,106.55235201254165,902.8949951919873,2.4535231416621106,0
49.25176938188639,15.56704144225568,852.2638743911815,0.5773215922511721,1
19.52429877980445,325.83341268794254,667.8046832264065,3.9103286912739863,0
72.24521152615053,184.26317186188058,593.2215701073843,2.342033709263341,0
28.07723624408558,432.17912491981855,892.3024981396522,2.195539232298019,0
2.431596643145384,236.60495334577857,185.33017952871444,9.598628027134552,1
64.54722959071678,484.09671395736086,78.96916219082861,6.16300485925724,1
17.711067940704893,92.76275785156058,239.5101699095381,5.5687844317209585,0
94.04585843529144,434.3115839778054,794.5782787001903,4.157751035233219,0
95.39285770025873,388.2984263958709,34.67026672648332,4.289443334301443,0
91.48643902204485,385.460922322026,582.8068350834897,5.4090500383808084,1
37.01587002554444,422.39161405844385,995.4375161913099,6.964298070361073,0
1.5456616528867428,380.51199547149946,855.6960938375394,7.021460961818295,0
92.83185625877253,313.1101608157077,521.4456890435895,1.7169390770544957,1
42.81841483173143,65.62243884119378,63.64090928664234,5.0011275207662695,0
96.66548190436696,16.263089745625958,831.3735143857099,4.119580950341019,0
96.36199770892529,460.4239239078434,598.9785081772105,8.705269662693842,0
85.300945546736,308.325157260369,114.93299705956683,6.314189212183764,1
29.444889206958567,398.26864548808817,93.8572848233562,5.325040664159818,0
38.50977286019253,240.76117575627504,909.6268194365924,1.1539464217891737,0
85.11366715168569,58.65409448119724,669.2002629380785,6.056378893234115,0
31.692200515627768,62.59289610127522,829.2867993167555,1.1720390568023342,0
16.94927466860925,342.78264361448566,878.9789002822673,3.3720657556575206,0
55.68012624583501,215.15294744973136,571.7723520483222,1.4284196481433187,0
93.6154774160781,100.26236335016836,517.4463517550413,6.920736470243689,1
69.6029796674973,245.79727337071844,430.4274103209902,2.062521138361526,0
57.0061170089365,32.104468537567044,316.94658779111927,3.91859373188026,0
9.717649377076853,290.9857009571994,434.59596085871175,8.956747776187786,0
61.500722669916975,134.49670221754883,773.8796557301564,2.043163833989703,0
99.00538501042632,398.7795503185941,601.9234310151315,5.078050639587791,1
14.008401523652402,155.18097946178688,892.5232899548461,4.19271661166022,0
51.832965236373674,227.6100745409006,443.38001437918774,0.18124041045729733,0
87.73730719279554,5.810269954050318,607.0895787187541,7.927581135728127,0
74.07686177542044,36.22344389727944,631.3075530919887,0.6904590631459973,0
69.7015740995268,196.24677820334242,591.6971623063255,4.7425502097695365,0
70.24840839871092,239.96941735856174,702.6337730855163,5.606782949389499,0
35.94911512197552,300.01027405965186,237.43346837480627,6.284264566145871,1
29.359184426449335,145.83128935465163,512.3637775457906,6.886316293078756,1
80.93611554785136,347.4909430632713,104.22480280834768,2.532723835227151,0
81.01133946791808,430.0611985946023,384.5113276448125,0.09978776658449373,1
86.70723185801037,389.9254944466749,487.66706862126443,7.2344366235491195,0
91.32405525564712,19.809412674178574,652.2242595454725,5.356565993475786,0
51.13423988609378,240.25347362891446,950.5310525862035,8.361177032072488,0
50.15162946871996,52.46508920908744,600.6510665483559,8.213883629006943,0
79.82951789667752,121.02250793126373,743.5939161765598,8.433261677878832,0
64.99639307777652,493.33129663357323,506.26605949520274,4.850946599795401,0
70.19668772577033,71.24777145075662,634.1040313763314,3.3362839583686563,0
79.57926694361011,249.44407672567803,70.93221613377342,7.9155820259137,0
89.00053418175663,309.07786715905956,254.39158084184697,4.51294113029255,0
33.79951568515358,351.232485272052,361.8530932051387,1.834421964034345,1
37.5582952639944,279.82434174345707,472.4933550065136,8.549740195614744,0
9.3981939840869,4.88542370959183,45.64874550238373,8.825598767723474,0
57.8280140996174,163.23065412199594,140.0240975533177,4.663097561401701,0
3.5942273796742086,258.85582169235573,276.8143077913058,0.7569972730978747,0
46.55980181324602,43.93324957241668,971.5326909010506,3.8782608991693124,1
54.26446347075766,175.3134656045904,331.34700710305077,8.035376594626033,0
28.65412521282844,16.601554395683284,482.0410581120825,9.017740285462287,0
59.08332605690107,39.28924857751037,196.09771273839294,2.0347274249759586,1
3.050024993904943,198.46163810079804,610.7800710757682,0.6697361202527152,0
3.7348188749214417,66.35787702153017,280.6832155159743,8.773504531328387,0
82.26005606596583,283.7704241307791,206.9925784384268,3.894049389788753,0
36.019064141126286,344.73248456863286,516.572628445979,5.417609642675632,1
12.706051265188478,400.2933495545414,5.505799160420821,9.680658120507589,0
52.224326005480435,100.07512212240505,7.6640326492253275,0.6656472791422285,0
76.99935530986109,83.74129112953487,219.06880910185777,6.483180074520956,0
21.582102749684317,52.28392016720013,36.721362500821144,0.7410542257486707,0
62.28904758190003,318.21512477181835,108.02575413069138,3.7546892846650035,0
8.5347464993768,353.2378632434506,338.8606493387516,8.038145451934467,0
5.16817211686077,15.793072412821019,802.5856795798129,4.334722327556344,0
53.1354631568148,468.1061231218449,572.0486433693009,9.971823539029504,1
54.06351216101065,25.985641825736206,512.6677259564165,5.590592849466022,1
63.742990149820656,270.64816765053524,293.48882320812163,3.2116215263595347,0
72.60913337226616,354.5302597254582,931.7537194328164,2.2011132590475313,1
97.58520794625346,435.4845618730428,397.01504123719167,3.5052053428616183,0
51.630034830119534,357.0434660662139,87.0927667957715,3.725332737595508,0
32.2956472941246,400.86404153489593,617.0665161178013,0.6871367772396098,0
79.51861947687037,169.72509627140303,113.83839347660141,3.6957419942677316,1
27.083225126207424,407.4125568732561,345.22314280169206,4.642385197392249,1
43.89714207056361,40.05742319233757,507.4119387178089,7.227377522388046,0
7.845638134226595,447.4083280302638,874.2225246851758,6.56729484721608,1
2.535074341545751,273.79618807686813,493.5465803401187,7.087656552291542,0
96.26484146779251,408.64888498124685,702.2587660316642,0.08363681876857099,1
83.59801205122058,226.15914225915006,992.8168389990703,2.1766739958053605,1
69.59742060936979,321.78884759826246,131.48911989798162,6.616842883998565,0
40.89529444142699,263.2013304680566,274.7315255195195,4.839893681797472,1
17.329432007084577,365.7947608776659,394.5760755976464,0.05313475668345946,0
15.643704267108605,40.81499101529479,421.82817853883137,8.044946424318223,0
25.024289816459532,30.1760419952819,411.0210752655458,7.728095732903374,0
54.92266647061205,123.55161700507323,907.6110025565549,5.484191629935626,0
71.45959227000624,79.77234005659417,714.0326444668565,0.6646332577627212,1
66.01973767177313,435.89178329610087,607.9052140907038,7.665150495325847,0
27.993389694594285,109.60699367902215,309.3727178627821,5.8371358773136395,0
95.48652806631941,487.93262790956567,823.7903842212947,7.8195997715795915,1
73.78969166957685,168.44789588555344,955.060511484989,7.517469923958404,1
55.43540525114007,91.05895784434964,821.1982825502265,8.03002071957837,0
61.17207462343522,394.84925357123956,1.5651051914729042,5.1800806640462485,1
41.96000624277899,329.35388775043805,636.401370183407,1.40324518193515,0
24.773098950115745,249.09785822656949,51.13538144210072,6.711574733796887,1
35.597267865126156,277.6817754688156,257.60722033372184,6.204737850519706,0
75.78461104643691,359.6008891361319,59.524700347771685,7.422531871990872,0
1.4393488629755868,114.22737066564936,603.7954529493877,1.698810060507353,0
11.607264050691624,498.16695802837097,686.5899134926068,1.9497519990028922,0
4.600264202175275,487.3965810733916,114.48763806590512,8.904095172193285,0
4.072880231897013,325.16284317346845,383.83888304497947,7.499777984520708,0
85.54605840110072,99.77122546457257,456.23650895554204,9.08228488700323,0
70.36578593800236,340.11412121564564,369.0530217609166,7.587153211639207,1
47.41738290873252,36.09920448958792,121.02500048519305,5.971553059903019,0
9.783416065100148,15.326251102903033,418.9477901874754,6.5413273702787365,0
49.16158751168324,128.84144425560683,751.1780478084181,8.891279239400099,0
47.34717707805657,231.31147836965815,71.00766453325546,5.7880675451194055,0
17.320186991001517,434.13625270419027,80.18001408190345,6.323913243283874,1
43.385164923797305,363.584534883154,354.77129183598424,1.5647671600360058,1
39.85047343973734,371.3532605999905,941.7257116189251,4.739212201161028,0
61.585009805221645,212.74666722403768,668.5726467229141,7.16397111958099,0
63.50936508676438,172.96749627348146,678.6699566725648,2.709426983163654,1
4.530400977204452,185.51938149230136,361.919990837865,2.022541805245349,0
37.46126146264712,493.82478186802894,593.6607912085384,3.1382680822441555,1
62.58599157142364,20.05459570624124,10.131184027743378,2.4150062799283347,0
50.31362585800877,433.51574806122426,636.0960464095422,2.1491263703639585,1
85.64898411883223,289.3377042861967,913.2869475762367,4.24850842868087,0
65.8693631618945,219.30770959479523,612.5734683448192,9.07838513883534,0
16.29344270814297,362.6288302075682,873.6985934663451,5.070596467387183,1
7.056874740042984,243.33447071235142,723.9730554660938,1.8792038081532303,0
64.24192782063156,436.71161904083027,120.55841640369025,0.7697166938087407,0
2.6511310541621813,450.35093200562926,902.4533072858417,6.961561451379252,0
58.57755812734633,210.8604634367277,66.44384435577489,3.827987644363878,0
94.02302414249576,138.41389861752577,533.9674725477638,8.218309465853594,0
57.5474177875879,296.1751642966811,142.13712379345768,6.595107686407702,0
38.816992620652194,456.18167280834547,11.706610730904066,7.962414505413685,0
64.32882184423532,105.3310945028333,422.034260127639,2.7194603941844875,0
45.825289049151664,311.4832917817414,295.0407076541562,6.9235892246105815,1
54.56167893159349,315.7801100462603,486.00049379760304,2.640619846937188,0
94.14648087765252,366.5565112076405,577.1998867345508,9.390684794502915,0
38.610263780077425,65.7838425636299,43.73907230894736,6.363742815333744,0
96.11905638239142,357.91248234104427,123.00329512374563,3.245118001753421,0
90.53506419560637,454.5162603328205,558.6423964504254,2.6951186229227266,0
19.579113478929642,89.84155443512098,343.16735317265824,1.909265850716435,0
6.9361300875165455,118.77166246193882,729.1734875494479,6.946409588937278,0
10.077800137742665,485.6975470208198,652.2916485919396,2.187156129979273,0
1.8221825651549728,90.48847635474489,845.6043629899068,5.953032659274891,0
9.44429607559284,427.1925466847896,692.4928266692253,2.646350269253573,0
68.30067734163569,246.1389282240174,429.9310773901481,6.619689447938686,0
7.118864846022898,123.61553720158852,672.9666223944324,8.149397285405392,0
31.89756302937613,435.3749506362557,275.3811742554185,7.780252431446532,0
84.48753109694546,222.65262750133274,306.3134987782127,7.608513309307817,0
2.3271935735825866,257.4086769648451,788.9851599207933,1.8772240569225207,1
81.44684825889358,179.61668469988285,446.4195164015822,0.8838494698451871,0
28.185477477339994,296.47542571746374,798.3803405183525,6.989488284873856,0
11.816482762165625,81.76193629251138,822.4223736682784,3.683472137943513,0
69.67371653641507,195.54076832588035,857.5623376612838,4.3234622640334734,0
62.8942846779884,484.70616116764376,916.6352358412073,0.31149092793391064,0
87.74720135270529,129.06671635056378,430.9852205132962,2.595764492750492,0
73.50710438038858,328.3683322706461,318.86681832113885,0.3367640387446402,1
80.34809303848486,162.59503211234744,582.1987465941139,8.791857726012477,0
28.203457257130648,386.7365628433003,371.1724234376276,2.4339668321853045,1
17.743954377972283,65.43683035917492,601.074166800233,5.5733716957300805,0
75.06147516408583,484.91052253927234,705.5858626438246,0.3897932066113041,0
80.6834739267264,226.89477069181962,688.4050184921368,6.66847391305658,0
99.05051420006733,118.02523167323199,374.5528870201214,3.230273457540939,0
41.26176769114265,36.748373665006326,166.86020169875283,8.979191869576658,0
37.201808579278314,84.87895254377037,430.52933846220753,8.881181889340358,0
77.64129607419969,259.88697427800884,142.59414408190872,3.252906183617478,0
34.08035402530179,168.50158821564315,890.0970351838083,9.009608956904678,1
93.07573256035647,414.44168294130475,345.8774607378574,9.961576734987789,1
85.84127518430118,215.44376183090296,154.45974722332377,8.254156641239481,0
42.89940273750184,124.35713629381495,25.44775990575088,8.448713477552289,0
75.08710677914974,308.572493302015,645.8223862864843,2.4900873610908993,0
75.45428740846823,353.3886084427229,636.9023174547432,5.767023988577563,0
10.31238688359326,83.52095395047493,340.6041665812917,0.6725591396736785,0
90.25529066795667,83.80960814415883,71.71188884765101,0.9491793682166971,0
50.525237244785714,18.335713466771487,409.628894895232,9.988926120332906,0
82.64574661077417,368.20100753282026,311.2174950633936,3.2663924942591094,0
32.00496010306117,331.9022638109025,677.1206397350094,7.481839120488464,1
89.55232284962005,237.31543787490693,605.7792494526904,8.066650530268165,0
38.92016787341631,422.08522448459854,364.59372819754,8.580232710072291,1
1.083765148029836,402.8350764750266,217.8925542549901,9.976282974021565,0
90.53819764192636,292.6771821983761,988.0359661555918,2.414964852568678,0
9.128667678613356,434.1356402566293,454.00162119611485,0.40350826859699707,0
31.93136375904149,102.92060501838412,688.2742357802371,4.11191517994586,0
95.0061967050805,55.959809698863936,140.55296757836078,1.3008066982894695,0
95.06071469375561,134.8748057584948,485.5896996593978,0.22425889162055124,0
57.34378881232861,28.543428044657425,27.536719869465486,3.604268271414861,0
63.183721216979926,265.58476400051603,505.4551179104499,7.837382510752365,0
44.84455219783198,468.30284614748075,964.0174071177023,5.661806912250709,0
29.321077169806454,19.671770334254823,384.2067129858002,3.1277798921035407,0
32.8664545369916,61.0549570050134,38.99601257491159,6.543420054927197,0
67.25184560770384,226.09951414171763,30.955790919343528,2.320181803088107,0
75.237452943768,466.93750876395245,387.9867599468695,0.14381446072085025,0
79.15790437258485,158.07805248837525,160.02493646319405,7.643533864364274,0
78.96181427945538,253.61740434419622,23.35209632818591,6.237430848640091,1
9.120610304869036,20.78642952519605,756.2136139501769,7.6230262450096,0
49.442030470258146,74.17160048104444,458.5230088818907,0.3893801668766561,1
5.755876001664428,493.31506147942343,289.2447719726545,8.371196278306522,0
54.95288823237355,482.55934821802276,900.0831830164807,6.195262000363034,0
44.1530501373377,2.469990467204808,116.13896020052562,5.633953507126401,0
88.77041827582998,475.90589271161946,955.9188289553192,6.246140481145316,0
35.09150125520787,319.5599689077502,313.96671737735284,8.644332468683642,0
11.706701642760587,433.95914726001104,888.4036723086813,5.86936506558907,1
14.299168205283586,227.36992781692956,602.9428764794616,5.809503798881793,0
76.15106317174723,257.79801428962514,826.7073597414875,9.906791570657658,0
61.82180633162611,244.42329012846008,984.0131632104643,7.56730167068568,0
10.112267612279025,333.43212877305217,288.4054378187457,4.422938054511353,1
8.410680611499743,69.82562737815645,961.135485407593,7.073970000329277,0
70.096913145912,14.986794936338976,389.4818949024204,3.892304716917885,0
7.276300636419353,153.96497079559546,385.5119047369223,2.28875462483499,0
82.18600592903562,352.34038136832334,340.3871042545057,5.968518768877594,1
70.62422271564962,100.92672606147418,541.4076073475852,9.281820981139514,1
8.134878064189976,336.71621666245863,154.1450431784871,9.291395200154627,0
8.483771408519193,484.95602305363525,553.7114853580111,3.419052781054903,1
98.66395785011754,46.95035789470919,541.704812410004,5.276774662216949,1
37.427079575612034,336.30105911256317,761.90181260487,2.116358985698612,0
37.06421470668909,221.87510965228557,833.6499619375855,9.956311094988834,0
81.27995672575025,434.07112718875266,440.44135031242405,9.811179078679357,0
94.72485773838586,88.57489472369295,302.33324935149375,6.495089297074474,1
98.6001063822871,346.31297611308224,259.3348973170945,8.044140596774733,0
75.33781852589416,419.0576448240551,194.62383670487193,7.151001612837,1
37.62595855309158,472.3071097370116,57.64758219902488,5.931582190394682,0
8.350071669866876,341.6240141448229,342.44797883471335,0.533479969888977,1
77.71469159274368,248.58738200421365,270.24769213078326,4.54764342552661,0
55.840424973580504,308.9236201006069,966.4173858664074,6.747863021674105,0
42.42220092469763,434.4524922393591,557.7088262500439,6.775316138836846,1
90.6354385094736,285.30487331941487,347.2770390305075,3.7312261842238357,1
11.119748230615134,15.19352984841843,580.467600993696,9.416919866580306,1
49.262510429085914,465.47434775348887,139.19670134569552,1.67357032236781,0
1.1353644767419069,344.7633755157806,444.0437492022029,5.003594462155606,0
46.86606419941263,338.25669288862326,626.2343214210638,6.908839765508228,0
5.630327568183735,107.83757619885859,488.89783179245137,6.971358058918092,0
11.881791626807193,329.4427351163286,401.77880065432424,6.486389567688155,0
11.752624677710488,196.93220282707924,993.8483888996982,2.7528821345186016,0
64.92103021160635,325.61648852074603,880.314762148927,1.5620656868662197,0
74.60448792654233,53.29651515399536,623.4059581594402,6.3594032682671084,1
58.336876509715964,328.92265230151804,569.3773611822828,5.993021161394378,0
96.21725484745419,499.7068628853333,620.6604798245841,1.7935601028924097,0
37.48705795237041,24.106019430278014,201.31210782243326,7.051391455705634,0
28.571208628186074,488.58709211065866,395.1377432643186,4.551719917336564,0
86.85991281894603,203.4539803614353,39.45953289089932,6.6776059160315295,0
22.359583851945263,435.37672516862955,475.54603748682666,8.373670797701507,1
96.32225394406113,391.19274202913675,543.0245839576631,1.6972842857692316,1
1.2154474689816341,283.5081304933339,227.74973610320959,0.1914486799683668,1
96.98788267076391,369.22460462566323,964.0288471655138,7.791025863957868,1
4.315991195057611,439.25778065067396,909.454610937242,6.096974251526159,0
89.11431136980711,202.0701608255165,722.1432354559058,6.996395696221217,0
52.77011090862999,163.51658078161935,533.3866287653626,8.381549749886425,0
99.29647961193004,333.79669278179233,869.9691596476849,8.028109348245005,0
7.379656473539886,403.9229709706293,130.6523438234629,9.609201469288246,0
55.38542844013208,381.1425673883079,790.5097942748849,5.359350788521182,0
96.9302535619099,398.9068244293172,124.8208139668483,4.884956326599053,0
52.30978441701488,217.7916574064665,794.2106625494055,4.018871998907301,0
62.93986381352625,408.9171080875108,275.767568251357,1.5369104284420454,0
69.57486889846172,60.10452768530422,877.0905810181889,5.726072328820225,0
45.454106476777326,272.2445489804248,944.0420938253978,2.7701252432597876,0
62.75580800840635,2.8793302490607853,148.79596940511564,9.213075122129755,0
58.43143119231002,162.29291495013516,462.67560506539354,5.8319080427709755,0
90.11580104909889,183.23076743569894,980.9873781626851,5.928401805081101,1
4.5446380341457875,198.08634580462768,483.4074359731466,3.5492466087701002,0
28.096318959223034,347.7336033449311,863.5475225145451,0.5198935197770749,0
95.04114840765587,194.27905063517287,588.7315221313198,0.3174376537298862,1
89.02637838909163,224.34681131126533,375.32990791960185,4.233351441531975,0
45.56567527857129,118.77206543716373,285.7835555258702,0.8456537809723785,0
62.013259780153675,186.62589581467003,203.22309108608727,6.068469555401391,0
27.738118298113267,113.63481363157574,761.7981913776972,8.809730056396575,0
18.81211597237613,36.59796188422182,386.5405068230279,8.829148165187222,1
46.36984049399822,301.72429669068896,511.2754622007512,6.590454101322324,1
35.33522280260528,334.1063992775081,492.3254800011819,2.1123183147293103,0
58.365611185087204,309.74517300480727,577.2790292331313,8.629968313588721,0
7.773463696498483,231.74702190028617,865.5771456245523,8.860934353132082,0
97.43948076661665,189.8928900896149,980.7393435834294,1.966535849529587,0
98.62107444796028,431.66682478591264,407.58420857381697,7.374260857706773,0
69.81617140197451,259.54089256810903,827.5189221063031,2.8651954892712297,0
53.60963663441204,239.5909388148655,764.5277946547177,8.026403123529297,0
30.952761628632775,12.821032903217844,573.5289514555733,9.972378999036026,0
81.37950197069486,170.6239138130782,956.047143611933,0.30026005329392813,0
68.47311725538793,190.09780939292853,200.47451552840278,8.973658657909318,0
16.26169393448913,199.41139044845025,109.26421030962142,6.226305335986581,0
91.09271844938425,290.08618461366615,853.9619669554221,9.733826191648213,1
82.2537242923169,266.80127336343924,439.1498166337483,4.650095175264276,0
94.9799913291924,303.9525463967223,846.9688542070604,8.473879305713737,0
72.571950838836,382.4416307710641,893.0902051954149,0.6239406859827723,1
61.34151959357899,406.49286935804673,62.45759361907144,3.352790500782957,0
41.82430362906189,359.0615381132472,883.4647629860607,0.6701653775120997,0
93.27284833540132,477.76184797746737,448.3190553694222,9.753431334790704,0
86.60638895004084,9.116291338180815,510.4324890042322,8.169739072718368,0
4.521867010618941,97.88899284177305,626.5925110932102,8.525474212459706,0
2.6366974497252005,3.78143748907106,926.3826067300868,9.379652314338943,0
37.64633668780496,323.7373570773015,19.11609442976403,0.8510348611978535,0
81.0553330781833,449.0152744749935,476.8434683178171,3.8559759251333334,1
98.72761293149445,121.74114828814963,687.7220424305607,0.7103488904400213,0
15.041689110352818,463.5172723981533,722.7069576982285,2.107931015500286,0
59.41307153521351,30.133695144780425,692.532431537108,2.293657770376724,1
38.08908566310215,467.21801340275715,134.43512940812187,4.691072110475787,0
96.99143978146031,175.8113436198172,299.39558837168124,2.685621674536426,1
84.21189231357087,50.71041422460826,358.71552541701345,1.009781068177611,0
83.83287047111378,242.9358795931628,804.437207679505,1.674910890941077,1
46.86931597949703,128.38828386025398,278.759872414553,1.4727556355209093,0
41.48195023376652,142.4364509809614,210.70496386720316,9.730767979122984,1
27.340707193070624,153.6449824631433,957.4480190380962,7.592925069184736,1
5.6375496650927115,401.5129489163317,8.8632851134689,9.67761465269562,0
86.47223762550531,269.58063833762725,997.8208556819782,4.397404865079086,0
81.29010091300776,155.65384957800183,676.8212988573956,2.783684816626566,0
99.97176732861305,305.1668916554592,828.4692994491171,7.982931972091867,0
99.66368370739053,358.0753371115968,294.6193963461932,3.262539180411468,0
55.543170560262745,136.31200036676688,14.315277667059977,2.9938337370534827,0
76.89874151805105,206.77455076267574,737.8695185615301,2.325059922078312,0
94.47657298824281,60.94304666847378,834.1445970006757,1.2967897822423535,0
84.96473906774115,90.57467476734016,740.4761319535191,2.5646306101676597,0
24.734810174319765,340.5589269824914,142.8502873008386,3.553197484738877,0
45.05441353100935,90.71917384781347,753.427922256969,6.739942081457304,0
12.915941515149498,262.5816918335301,768.922782107641,0.6256484221945158,0
95.40510272587224,354.5231308612163,658.5405156700549,2.1050693966534295,0
60.617463445088006,53.438461547371915,766.1159327955862,8.090236402916764,0
22.864280550346272,283.6561098144518,845.9214396777321,1.4692192358377076,0
67.17006844058567,128.28139185068187,613.6041142374585,3.4264514652252154,0
61.81282404578958,481.4634376187899,88.60471396967907,8.6465892185814,0
35.81627180328405,241.77282335996236,487.62780966721084,1.5492531114344266,1
11.355759219962902,402.99627488757903,77.64933467160506,0.827368356181899,0
67.15731955927996,275.1132710781309,407.54303103243086,4.845379950800108,0
52.03077009037933,21.70626642740958,407.10648912562766,3.024195112785364,0
77.23183917356393,316.5756877970112,66.00984414024158,5.634083644838541,1
52.01635011119934,475.7016711033285,348.8205339694793,8.038048904834751,1
85.21815003185401,300.8059100731656,110.99809879131483,1.3714848815274316,0
55.190683877448556,409.59442971339513,808.2352100092222,5.80699084554285,0
56.093797153538624,442.1032316742039,947.6880259644707,5.055087603898639,1
87.66536026583451,114.03988597446624,72.3164752579386,1.4407878601319957,0
40.3482866212397,106.02241995411332,955.1152072917014,6.2399848552898245,0
13.401522845064074,305.49049442549585,522.5765993367452,2.7364041786077165,0
2.8782676313338973,205.51423490335236,299.5656779538739,4.878343185440125,0
75.5137255673619,419.9306514333602,76.86207527616351,0.8227232427706188,1
62.03095513534647,450.0115616990056,500.6242680704178,4.595840572136231,1
70.40797680992236,176.71068965135905,794.5155444907487,3.0646346804282034,1
21.296416150891073,118.43527948724103,707.0864772666981,8.223812111853544,0
13.637147558676975,390.2627576219309,50.22601146397376,0.5697872699736828,1
1.4544665667881929,137.40301777406805,72.90183536790352,4.1860727491833,0
35.058755880659696,411.3071592568392,402.8732826326371,4.58431424131438,0
58.991768685463306,211.86912682438142,295.2904940479433,7.250060762991187,1
39.22440450997323,333.7749496457352,232.38432305604783,5.74287575090211,0
43.747492202372904,47.76765691733409,281.0044989087136,6.672123371941811,0
90.41586944937484,311.9296623382865,803.4827432968847,7.770492856517562,0
34.82554670233004,225.88383936861456,929.2280536318539,8.622029736581888,1
51.39894891598108,293.30423158773704,405.1026945275664,3.1387549672247053,0
78.3653012741143,84.00710387243171,906.1110021324971,5.38022705363903,0
39.65427823212701,368.43687247209107,321.495701247882,8.401080784391999,0
62.20867002278735,431.39853877161426,476.4369863437916,9.894511309650564,1
86.23637087467452,108.36990004538782,226.02899781599973,8.895193110437631,1
94.9520623657642,47.85727776008086,640.476042175844,3.714672626243768,0
14.707348092903793,11.819293023168198,978.9811151748089,1.9516651721865041,0
92.65876251614944,320.985750221633,603.4930960433786,4.893925374065887,0
49.21162930795382,303.54701804439037,357.81408411354886,7.416414518360423,1
25.824438829895836,273.348706357035,647.8174459905284,4.925690707532976,0
45.913575623826134,115.97354805798771,122.92067846538757,4.831808633136685,1
98.0032575285477,195.45299795275733,888.6590802653986,8.382304210818006,0
49.26180939928696,297.23816759308653,503.08395077983636,3.6140377906718637,1
32.875161028750824,248.38342942958468,449.3497420396421,8.597946748116456,1
63.34008543167258,493.8927601074437,585.8647884535192,4.068048009517236,0
24.014561877819308,68.21987627836657,624.7838627894024,3.282331056783394,1
7.586332810866391,347.5722770237969,71.77580622651303,4.53989911199699,0
12.887972191064922,202.15938405214607,682.6172212234025,7.624469586748685,0
12.804583895777244,214.09980746280738,241.93168031552958,1.2600202786399428,0
15.190269351229436,358.79888282908814,713.9526325065898,1.9641921587201738,1
13.882717264941014,346.21807566218484,822.5347943841967,9.514448256630919,0
64.08747448032146,495.62799685109417,803.9585075525202,1.7549162738135737,0
18.188008439914483,64.19714472706262,552.5009674078891,5.6772731793105455,0
34.56672833238632,52.054824692083166,520.1698923107512,5.793144666619378,0
89.67884099060119,362.1694085643706,142.87596133941173,4.896244620502448,0
47.39616402628724,289.19345850320457,775.3461504031355,6.447452485768186,0
66.75577385210272,137.08033327990293,271.40938044671435,2.2982672579761845,1
17.231987120162984,39.7096844944933,496.69542281794656,5.526622677767482,0
19.228901880867078,42.82912479821527,284.27409292751673,3.7217325524689713,0
4.086861626647886,447.09543733205913,133.82836299969313,6.61667259629189,0
16.893506307216455,95.93366235937145,629.5576968917366,1.4122354337314946,0
27.85903390319586,161.68578105776038,54.33203482290383,5.708774168394762,1
17.70104842767468,113.328201113494,748.6452341262,1.852703553833237,1
8.87025337570556,177.49815291596866,317.58679526111666,2.786430631150364,0
12.06358711006008,34.711921373046685,0.13469300448532007,2.1870980032358323,1
46.077876803272574,259.52989545413516,511.1291392372298,1.828377798688171,1
20.63337184057925,33.80628179610745,46.85190852760313,8.25710951560667,1
36.42698610480755,400.1782539111808,276.16955782089946,2.857075676608903,0
50.34172708548569,116.85604095521651,706.9764874557162,9.271237818644494,1
69.03948286293652,270.0059573022553,62.68962162186587,9.699265253451909,0
3.9312139841098936,440.0395437807291,839.3384923560023,5.712604699370973,0
79.94103989090426,325.4386845235971,3.819922658583108,1.430011226657264,0
62.79003894909078,266.47889327566764,246.82386920190226,3.7454824337958126,0
8.17590319488719,162.1668765576878,740.9040561520715,7.9773226334821405,0
87.35786241067773,166.50095652909897,316.2701497293068,3.673907286970705,0
92.08724005318132,334.74347759909506,101.89238806601352,0.8701721830278875,0
6.107795985486375,497.06968061058376,360.2339188004279,5.567849109281879,1
27.687764814720374,330.9195949246893,270.39328638452554,8.451208514960348,1
80.62012797930613,278.8917086850125,842.7119021605549,7.959263871435024,0
74.82596903836584,365.325255119623,313.34791758514314,1.7512314013035324,1
18.45210193563773,232.60280614185908,788.9324717760072,6.727646144124667,1
20.93493233367103,30.071171300392606,891.8721448107348,2.205042634356471,1
37.0472102791382,281.1484079389549,433.8174195765295,2.1820753455217226,0
48.45229851910213,478.8126422526901,909.943143854392,8.740717733051852,0
61.825477153029595,87.65147117882982,377.3180539631928,2.4966895274023013,1
36.891363956977244,345.0024454103329,964.0784164901082,2.632473465180112,0
46.25347161331479,100.46684432952824,89.28952452557293,0.006533907612995549,0
74.74709381337566,267.91384223654063,687.0192665032428,8.706690341255177,0
3.66832028905979,48.33822482335981,493.8140404569287,7.925948132091348,0
25.243694434402077,225.18546812909256,387.64880545564705,6.27328935090678,0
71.33495858845524,378.08166444762304,632.711878748601,7.502657639388422,0
89.52068376871993,173.78576211949104,703.8570916343311,1.520485674244918,0
51.167744211566614,332.45586224360903,4.363269650309087,4.583235945875755,1
53.211348526531566,397.7249803948646,166.9530887471987,3.512193873487809,1
10.717201133977605,463.5889097397263,713.0460506343187,0.9377652625701649,0
44.741236682345466,117.32104092772677,666.3854135782065,4.861304852149241,1
53.261726645502314,199.65795790465407,966.0475051286772,9.207396503426354,0
24.247050363472965,76.20800666520871,761.037790250783,0.4005911905069448,0
26.924323094938096,496.2417510791876,950.7727077313381,2.9146091349379386,1
37.728416310462265,463.50048396214765,702.5405015348069,2.0754093620570346,1
2.007119777772637,269.9785651402798,298.05220863944317,2.381466536656963,1
32.20791655831783,421.01664718821064,105.36492225085648,9.084345518793754,0
21.144800699654464,260.4789886360211,781.8238633449356,4.6806905423429015,1
32.74973521779147,311.7928440013799,644.149221475916,4.662994129398188,0
11.976213181925122,44.56221605800831,48.18601239329623,7.605756424552823,1
89.0527280739895,377.63521024840395,360.05046590097834,1.544922040049258,1
59.359245355404866,63.85674181761741,956.7998154842861,4.872653541000508,0
67.91023191444896,413.0338151262642,500.4011457102012,4.2998521412105974,0
78.91712386073382,391.0140438351929,432.72913601970464,5.969106905466561,1
49.84421989290573,354.3723488714882,457.699605159294,9.995577032504386,0
8.69202880874237,18.08019026238106,208.8827240051637,7.694488940820471,0
53.71065418185478,151.5641779726643,368.7071708647952,3.978657030174272,1
58.68411180208791,131.55628495542143,369.8132559871766,8.27553052274047,0
74.54394741843299,180.06820373575954,52.3550201874724,1.7070836331248018,1
43.16595462296794,43.82137338191927,767.5676285179183,0.30463686308960125,0
12.758030279556376,468.47891151553137,416.504431903879,2.0444837246427303,0
28.377590579872447,276.90112035618813,822.1798868164233,3.4041155611425964,1
36.30822963986351,152.76215532901176,850.3480011198953,5.105807574595599,0
64.59172413316013,198.49075853714172,211.99405469865806,6.151291405411998,0
57.077830466891186,223.60127025241783,657.3534821701286,9.106057172144217,1
35.60967258978462,300.29716668030864,472.2818041629817,5.0985400955045765,0
98.65152487929797,257.8397138482489,880.156737921485,5.012756446257294,0
60.577481935688716,459.6959866072087,215.7406791764541,0.5024300982298213,0
23.72267917359945,248.48174145291512,677.8132003100442,0.3491155265622381,1
10.178247262040374,496.07900741165633,607.7521222527225,5.511599619163721,1
15.285913918433202,425.7124788725479,295.3014775718328,4.381786132483445,1
24.595772838450813,104.2552571786679,136.60090365117262,8.391803949802986,0
16.06813732595557,465.29760732195814,651.6397604772766,1.6067958471184518,1
18.656702405130577,58.183198942738045,738.5974581323306,0.24971662117049598,0
28.50951686938471,408.7248542455958,315.62734376335,4.490387679301259,0
17.33735952947548,190.31164673829005,644.8326040223138,2.374785567522575,0
89.67654246264252,438.9871602225348,395.1309076115033,0.4961437333883745,1
8.023374566164222,434.02834505372516,713.2068832826177,7.24598286847629,1
52.451138957025464,402.9627000588106,199.2152748940531,1.1159299995724747,0
41.03968269896615,395.01521815353067,890.2150026361744,6.083195000077717,0
98.23786169086064,152.33956954902038,287.40959646557974,2.8104975016688916,1
11.203890216805235,40.45964152562609,367.7859877561529,1.7349605035502202,0
39.785559904574164,201.49008938258072,58.091952080349785,3.7975152291931744,1
96.94704332753689,86.76225749325434,111.5122123212764,8.014457762229537,0
86.55071258939803,347.47554445123086,515.8619027123282,3.9209357690457267,0
81.707207094928,173.04986326889278,267.5926767279715,7.507696492110557,0
25.790282704493983,487.80510042995746,835.4802257421944,1.2548629679915069,0
17.088758739006582,320.486038672666,14.693388654953843,7.727714196650791,1
66.8643219924431,411.24028181718046,379.0940486719362,2.3693332490664867,0
92.93759891275857,66.26233637092422,337.34554676909266,6.773931298888728,1
55.67628930139298,431.0072411363113,19.327630917601034,5.657815548409964,0
57.161268946989985,461.37859525669717,124.36839900051022,9.291447172116873,0
27.997909366028416,243.53095940946795,413.6426749186353,3.87322517975314,0
76.94929331919369,303.12646887548874,492.86458444744665,0.6616518883444045,0
18.704374855752338,382.4049004514977,404.2897472548691,0.19155485551252904,1
32.367923640424365,87.41931363020628,530.9376784120939,8.26858560972753,0
42.54364386164168,251.2830382317212,595.1316749056815,5.247356376614322,0
50.7610378684455,199.33151388615656,9.92382112783563,7.752440518349493,0
24.240973241508023,73.18699608112456,464.09515945350387,2.3442560001151467,0
11.483682473920354,183.7672111457657,963.4992408875884,3.450837455132337,0
61.06200424416326,34.08615469274678,519.0322801295487,0.3010387221131894,1
28.863055324025577,12.905953474743493,677.5422674589532,9.614923245741121,0
58.123822142261226,67.58314457741137,311.8638579168832,6.678679067008134,0
15.436271527420232,481.5575557945869,773.9913781527625,9.332050877593062,0
48.114010185481746,274.76476794750846,772.9214818761151,2.6549640742907235,1
53.258943255158584,482.91108057660995,521.296047654139,6.114636112256608,0
5.182353682242691,216.248939165066,976.0138232792136,6.784999682926378,0
33.660427819392055,155.9080665426298,125.55021476265338,3.1754970025758844,0
13.441467693897424,253.07093142012204,16.94766488958099,8.4810923501563,0
6.337497047276774,219.75584431645507,770.158211757096,9.471614629002477,0
98.99602323899452,52.83234213087196,807.1555373648825,8.848551176960044,0
32.235384497472296,320.4131573451031,120.20722912057624,7.390669759393726,1
80.98744458546349,108.0190912547998,265.58283295860605,2.7746467972495403,0
25.464065476376383,309.7939774489148,17.55236336662891,2.8161604210563174,1
68.15027222239293,325.1005461990767,293.3086107805647,9.633603204460378,0
76.02278598896865,76.01242656432406,773.1418739186715,0.10284495935692028,0
59.56387406078443,30.67481355533408,517.9605277125789,7.160499732421445,0
47.15761885501584,390.3807930342199,348.0955931682881,7.062461625552622,0
41.18409141472685,229.90021188466008,371.7392949063303,6.226895409497974,1
34.88682665429953,29.081897752737895,1.3536257154681541,9.901088460868658,0
92.95291442478259,497.4331585848836,299.8005275652359,3.1187943576372525,0
83.06194077877291,28.89028049818332,646.4587416379305,3.399718637932482,0
96.50269106665125,347.5176144292766,974.1944438163571,0.7893940294655555,1
12.429722348554472,491.8394626317068,847.0608269838995,4.4279813654373745,0
73.08674752036443,119.5900521079628,23.594964645529124,2.610485262348481,1
93.83404568210378,71.12468434359809,898.5606046748393,3.433867021776442,0
18.123306616566015,60.69246971121445,783.198413298626,8.345717902556277,0
6.6496267366777495,151.63757378379776,780.3761235709804,9.354845135274957,0
74.11206492900591,50.522905505323344,457.9957590035715,1.8573307200518563,0
57.44731131799119,346.08067084706596,398.0052929545028,3.7250893155346585,0
84.1828776758272,31.145899065031347,302.91572883319265,9.286305621153941,0
13.97723766262895,254.71106407489486,65.69485895436577,0.6180846068922263,1
79.52673118598902,498.3484269264884,228.2353634936991,0.9236052811137851,1
20.162732004774455,406.9851347530094,246.60363497802462,1.6279098920622936,1
16.36559428657045,307.60971911550547,484.0770697102016,5.952128341268748,0
16.426579793099293,153.12681039330585,747.444406596694,1.5047227100599747,0
81.45747202313821,311.94791814581924,473.8098283979466,9.680763814507335,0
66.51972206962002,263.5207319558258,57.844449447160606,4.467145272585204,1
52.30654247691193,213.04169194518573,957.7898009882039,5.015179603501664,1
35.88304841235025,65.35518837009974,942.7243190941123,2.466586158054065,0
87.72005408131082,443.30210762023336,785.1895431484083,4.709602524347335,0
39.244510742263536,224.89232441066125,991.3279015642206,6.619136326370115,0
81.65994394715771,97.31125591038253,544.482332800263,7.511771369540428,0
43.91349085702184,183.8796754386448,962.7683502532061,7.53868082709913,0
37.69444294249076,207.06487626446352,75.60504061675077,5.7789111269408835,0
46.26797856696064,413.76894778343717,365.6807482613713,9.043597749938572,1
30.13778741641421,366.80719028070104,225.38126800676582,8.174078473061094,0
74.76093801762511,384.6524468206699,195.83308413427002,7.570481146986254,0
50.27203900924791,5.515632214323607,140.80294889267608,0.5560552168046062,1
23.22126951468173,208.07699908988076,622.4136415659966,0.06877962219649314,0
89.95745732745685,240.6720758176618,781.3218557473051,2.1244727719547294,0
38.38912213732114,9.596138411528344,578.2983994203606,6.635235939134523,0
54.35528611139886,129.9066043725171,146.96270958820966,4.111974888825458,0
90.6472110964547,380.1449115610675,811.123769933471,4.0240625929931175,0
62.42379959139921,68.55485286449952,635.9547071637285,8.845868882296138,1
11.689804070836407,267.65506572629585,388.16570612699553,8.955628481318387,0
93.98321236134751,107.60093600861876,674.1302955360629,9.091752640535857,0
62.770805307141785,6.060387321946637,259.90497924283284,3.138780765150273,0
33.49056146570861,120.60072879977074,345.1922084942105,6.910558127392617,0
13.927207266338726,487.9368774550269,917.4858431319902,2.7163318127436966,1
79.4025189270296,400.7685559414948,290.50450567142036,1.9060983307444979,1
62.00727559285135,479.7883221605167,469.9882681579366,1.8463245734736922,0
53.34610919763215,243.92702196318123,890.1411373960146,3.4210762086359403,1
89.38925830509577,54.868099338751755,707.7213502675274,4.299576197798217,0
78.85972112245308,273.97974448684647,62.203226164702755,8.309491710550684,1
15.167487973275119,227.18866727998045,147.30304427897033,1.198910934727121,0
31.172206779554823,422.178541369808,7.841590771916818,7.349258473948942,1
24.848913981446575,49.04129039212229,630.9217902291634,5.314549141893053,1
74.3946292572677,244.1205685108891,447.6734254104183,2.879453426759925,0
3.353243473577938,75.02433234699213,134.27485090227555,4.928195845328246,0
56.98896848713165,162.33796344503,957.9341210567704,2.9994206977702262,1
76.24586857406905,368.67853869389984,529.6597239456199,5.96081955238306,1
87.67656367617495,238.00906468438328,241.89329411288918,4.338439228552442,0
34.20817487159075,187.94414257288466,500.60357115470754,1.6440552907887873,1
82.12573046720128,197.23813928501767,679.6203327351078,1.1658307455569672,0
11.063173695520723,229.72338420299332,76.23921797356448,5.466956820721301,0
84.64522917345182,392.50827191852846,274.70381504789196,9.024130332861034,0
12.748866233198243,446.0423444701172,806.9654908839937,3.4395768655768553,0
39.72872905603673,477.66734325196416,459.6648704026612,7.330001072226232,1
79.72953657795536,393.45169312764756,546.5771420322949,6.586613549397669,0
14.991742734877377,157.70344787400637,432.8160022094693,9.31554914309481,1
22.92513952326415,344.06735304327105,43.89994264300512,8.209810172991409,0
72.22525683930662,218.80156202769595,165.74977982015594,5.66605258905463,0
72.00365365460743,127.33531102302558,445.5416387418909,6.570304982341073,0
64.11476328852973,420.4357897129613,209.1854654079278,8.983864665840349,0
69.39484444671,19.213174481162497,49.97902865967874,3.995187845869348,0
54.27244433475962,450.88099606771175,843.6496640518237,3.2679470585777737,0
25.179905890695274,230.7387323123671,981.1925291641159,0.10811083635196339,0
34.56959935039195,318.6007384041402,793.1428739967395,8.265510741914643,0
18.159771680142565,329.67696110289137,853.784921704667,8.009807004033648,0
90.84505613336283,447.55887035326816,241.97713031704538,1.0445451810015138,0
58.339179476612046,318.33484108360364,960.6269755131998,5.768573811327002,1
40.08514167636399,306.9667923800309,196.92570445342838,4.639816981668874,1
46.20058036441327,33.326020280344984,951.4298103618323,1.1870909550911146,0
94.72833396118153,259.204010972602,994.819293965951,9.805682270607235,0
15.33514031160802,75.08450040852082,711.7228057460487,2.1469588746335546,0
58.62298320167972,368.71688436074277,981.1437317918219,0.6723418009056115,1
50.5888678884466,256.11096040633726,569.5397795671037,5.948473795019096,0
61.14542354346478,340.1138896041767,259.54178317609035,7.3886667713303265,0
1.8110183820840509,20.836450301192134,436.99588566562085,0.32443446047186963,0
87.21239089441515,42.39600802290161,593.560935378786,6.587176387270222,0
93.21182824836124,358.16169403134114,73.081562027015,5.322918759514544,0
56.51331835892089,36.042167999336684,622.3432646172461,1.0326500887504841,1
69.66508238768922,35.6283638826293,981.1778367622945,1.7252387694636206,0
92.24993811772957,6.054237617443725,190.10764978372762,5.679742973160805,0
70.72386343133986,478.25069914974006,792.5951162883833,2.9635761351328838,0
15.253904291426135,368.75417972950345,907.8987937796194,9.38315728651316,0
57.62883601668132,176.6257042510321,943.7015928202209,8.187402294840508,1
60.67150463828559,148.26779064382762,960.1356044054472,9.835672065136631,0
42.4130671302386,174.85161487292478,521.459638721472,2.5967083895041396,1
73.64442356247228,387.3267655905909,977.3079079915037,9.69723632797977,0
93.43670147690149,330.6853055352072,757.3102071344389,4.312338697915578,0
92.55685129067763,92.59778393373396,161.6714362369619,3.4751879531375462,1
45.08393714041321,87.05466766704217,476.90010646797,0.5034952696935324,0
11.323804584075525,49.19782485669866,718.3311753720039,0.5276525785960262,1
98.48411989623345,330.15135985066905,247.34031581908334,6.920112559466547,0
83.88980864459342,382.18633111086797,640.6151835488873,4.579289944340279,1
12.466268120326685,132.523214162502,666.6004790466193,2.265216260361057,0
92.08418826173724,10.472480515456406,162.6997438085659,6.139703063252327,0
86.98963620621282,41.08583373821367,565.0853124527563,2.528581182501112,1
51.88380571260721,483.9300174225152,771.6269109786077,5.776317543444226,1
59.127543574492925,147.72238873871012,498.89566453594193,3.5920874698269034,1
39.90027038701302,384.6115739190668,12.103116776107425,8.23552226611819,1
5.476163882203133,312.3317844271319,9.038469079292177,8.206961607667793,1
33.519724164590095,190.96981982644795,357.0293439700122,4.773503981224013,0
80.28534485980114,102.84363109777756,926.194068431782,3.508191093350156,0
0.4632023004602859,60.693209079703216,228.67677960360876,3.6255979655909454,0
33.34991716911442,307.5064840194333,634.3636888716871,8.05714525668218,0
39.81686935909433,387.31689031889397,222.07587069332058,3.28179482797612,0
53.73956029379229,321.9521267705653,321.6699896595486,2.09059373706846,0
91.98556164127605,265.15106662457913,848.042089601484,0.8468834187530683,0
34.634599436596126,20.975611715818133,728.8614422699469,4.666931208844084,0
34.69532018962277,484.2443887971919,95.39927731321063,4.821320989198419,0
73.75012481097484,399.3570958272873,428.70202098643364,8.409087104029071,0
45.221794088980715,146.41101835048238,29.169763645264467,2.2123869644606398,0
22.460482293998197,489.98516467942534,480.890146603009,3.809912736683999,1
45.24395161326934,300.94079481816107,662.4340117010681,8.084057388936909,1
14.085702037979985,291.21132910362326,118.50262359815156,8.236236107489734,0
17.63869865062233,374.0365897147661,288.88493890916567,3.846110759787682,0
49.83677727394797,405.8848940450688,397.83662550215695,4.591240232866809,0
41.89254495045479,328.2393036657513,919.5310246560498,3.0328589084928295,0
91.48459010681,64.04787318310001,993.255015422964,9.32554878419312,0
36.23938991166331,169.1337529972492,44.91129899561586,1.186437657415803,0
58.05883502780434,464.04182016302485,761.007923495392,9.3374942300147,0
63.22642879195304,112.30780592192596,371.7240664023432,6.838664518353433,0
1.3094456588333636,186.08351191875667,392.45818622948,5.315721526867312,1
66.35373720167107,216.038441472098,754.2649733470226,0.32659060784495875,1
17.803596686975144,219.7024948472261,918.4264321454086,4.755961918220083,0
96.10703174694551,306.4697912472628,950.9285945025484,4.077481050027323,0
14.866272775311295,471.5379188723538,577.1225860383208,1.6121881197512256,0
41.462412372702374,120.34635591625248,357.1211593005028,6.564096035006569,0
8.534966807864386,60.750688150459034,787.5490858587792,9.711509073682858,1
99.68742518459473,98.73524492996866,251.00138326230027,5.621888110645251,0
50.21950103312426,443.46245010463474,564.0740288335178,7.147532764439458,1
59.53850173200438,322.90540632760303,358.57846152487315,0.6845045256601678,0
6.7076477388427485,142.95339461958005,656.6310737078761,4.176669958169947,1
74.99604703991778,407.9734694843086,240.3989128935069,1.1635848516449587,0
20.990559309558577,430.684998181718,191.59294573482578,6.127958355365104,1
89.80542894407138,423.257169345139,918.2390866754371,9.384821582141546,0
20.513964048200716,459.46326681977723,101.8036829495369,6.617777324716386,0
19.068772066366655,126.1205100866808,505.95790773493167,0.7680304831442153,0
3.654966784809488,377.5209643731391,220.8527829630089,3.5466620498508283,0
47.206694510999924,230.26974863707,38.92996332566745,5.506633794408515,1
56.48411332626164,420.9992764450308,36.01881829142639,4.032077561332522,1
6.570863942835237,364.2453385808066,175.22177210582734,8.336440104751723,1
77.55276166950105,388.2237232498623,866.7703545060002,8.146710047099893,0
45.32888347480276,328.08091884053573,282.4787439770267,6.118310201032214,1
52.439026932758004,88.71438473485344,950.4591705752957,3.7345794513270523,0
44.07627469382282,272.5134594484692,581.6222929891935,2.5533637376324414,0
40.0763060875326,492.33486976225413,436.6141897687661,1.0587431821312931,0
55.96403313082179,468.69403324855944,580.0888346694546,3.5489768348655404,0
15.52402459307125,21.586867898505837,516.6983852262678,4.1317251720771955,0
18.19281304952711,82.40740786471856,758.7762537573252,6.758229251040736,0
86.17856210135173,65.86438672728096,282.49606597285225,6.581598242975735,0
94.61154621336327,362.98995499264777,353.05039160030236,0.7010813964125695,1
37.330931627975296,408.8926649284725,894.0943025332507,3.952593154311578,0
27.074467314355378,106.75568315533596,946.4565131504055,1.8177886721736192,0
64.39995432390158,252.9263464759145,892.5582274864745,1.568127053168057,0
40.87341710980964,420.3515140056,419.4479939573136,8.27302149737246,0
2.538635566034486,366.4007723831253,780.3655030068817,0.4191521671625753,0
15.615259736619036,271.11860274592414,476.3357333010988,4.191828759021213,0
71.59722288473975,295.1738452293865,497.5398521461022,1.682036557665182,0
65.89239419101514,254.18027345814,204.68010905728394,8.79330215678474,0
2.709599250348349,148.7742256594103,591.1303032585165,5.570405132750351,0
22.197216193294945,282.51099642950805,186.13589775334793,2.3138063637684803,1
23.10747965880714,344.44265102504534,331.56469906719377,5.024272871663764,0
67.18927435987284,436.66145793040386,855.0302016199352,7.314863597031158,0
1.9710537754364155,318.14567698962406,207.07580921085523,9.581180089194337,1
10.410858198457385,380.560768521579,71.15828517343282,2.2044600424541896,0
79.99160853731894,80.0358174772865,69.00759261281631,8.861817721293452,0
17.85446620543336,230.77873720989496,940.784520503108,9.343041141674902,1
65.27461078518748,4.6658099135466475,506.92043796183464,9.164205445320663,0
23.81827810467265,123.3394322608115,409.41207181701833,6.354143568619098,0
9.944139275934516,363.23085755650243,810.8785810079185,6.298206544347077,0
24.317219099945408,495.90497567468174,835.825927910516,4.032106331838228,0
72.22669318556592,49.589049793607956,332.1910331156046,7.523978823037879,0
85.56964681062857,200.74715793064414,693.6180574737953,5.312940183509319,0
83.02198645669915,400.03548434957975,771.1228158518866,6.7743807122829445,0
39.71835296184548,102.01781731444942,654.6506868659545,4.284579038487955,0
66.80851365706462,277.5424746511431,151.59507480009938,7.31496464043139,0
20.498429541582098,366.5356480148374,875.883083517057,8.24471517604549,0
29.314773026101328,307.9927251300895,539.0945527360087,1.4643625660281612,0
89.63358185211197,94.01236730770806,282.4724263700037,8.32929715574228,0
1.3001923510736035,177.6922843428697,425.2281854376939,5.402965317903073,0
8.550853085446807,391.8958922426986,37.57109039890738,8.446659090902243,1
20.78862551460273,277.1132570660083,127.86680122241756,4.313017063410146,0
2.6532203873819715,2.6148067714563683,765.5467505158608,3.79040485383035,0
18.143543508979732,380.49538001404693,0.011634755366141114,9.150607325172224,0
58.304156096969216,17.655677470119535,416.5658284822922,2.5116926754840128,0
42.1424550592498,372.8668913656161,522.5101810855884,8.442123252861432,1
89.26717110769748,101.24028008261871,54.6344200009723,4.840205725094041,0
81.7443561738441,479.0367400596901,973.0781629723328,5.140954425512597,1
34.1817351697876,183.97037565104225,226.12533124967194,3.0846828148948404,0
25.94234334312925,163.46580816903955,304.1987196362809,5.730422006190157,1
37.96924081672669,74.44402516622233,303.94251225502734,3.252111962762113,0
59.02949425148078,152.80210774510743,230.41666211734992,0.3926941424165231,1
26.806364082287626,438.32538091410026,1.473822086311416,2.7199860534435603,0
62.4148907849134,498.1671688136237,729.3447940879963,0.06379043406590679,0
40.941165219124045,184.15476525342416,966.8454997992853,9.783547870568567,0
55.204718085198024,224.30531547727128,224.29348328504506,9.657472098197475,0
43.61265291353167,361.0354691013685,663.0471918034224,3.9515529747230502,1
29.44657595419177,443.0978902325373,741.8963269587151,7.28370854339646,0
94.84533069621567,296.52216709339206,848.4253790905248,3.45806098410425,0
76.36057941597608,195.76284908891466,422.62919701360914,6.710931570859761,1
14.011317576645254,206.31092042431186,302.9309056404292,8.05430043045979,0
86.84679758979128,347.8090732484034,325.2951340230311,9.467562446922408,1
48.743119824951364,1.6091318021393408,712.6213330985129,4.00212275849672,1
89.45522268940914,309.7946687299203,816.779466505636,7.832979829560477,0
79.98552559473153,177.7465052206787,181.61396775660265,2.659284506321188,1
42.52135044692334,397.0986656385421,370.9410081577652,9.903323037936483,0
2.24693083201174,46.49531991156608,901.94019674915,0.2576959876435114,0
26.867735938494608,294.10113347419525,806.6935196947393,6.035288065011209,0
54.16342146608669,240.48644494306188,984.8584027624759,6.595059816513271,0
63.347821982614725,321.1627629526137,754.2482596820807,6.880455570741288,1
25.788768543320227,32.426797241484174,393.1952010279223,1.2038757878908901,1
13.935607407282413,289.99189371406567,590.6378339946377,9.385297834731304,0
83.4930236799299,280.7422939797619,661.0142542473203,1.811832790500828,0
98.44021807035521,280.3300472080855,78.45581631712395,6.2275340323984105,1
52.56901823026858,301.7438332982274,544.496959103865,2.2267607912308494,0
17.16792858483035,338.2339686131811,709.3208284726096,3.0721641702127087,0
27.230732651936897,402.4944998403849,167.32130400106038,5.464585417281244,0
1.8390676547466733,134.91036006410718,780.6317174255571,4.171934185645765,1
91.4298806560499,412.52470509003103,583.7727805141117,1.6022560097650629,0
11.775108289014113,249.12784113172683,952.2217856975947,1.7093640242084829,1
57.651647551425356,38.52913956716558,42.422298206891696,4.181447881627997,1
27.4055220687206,29.2754646219896,265.32613755546697,7.572829782755007,0
55.417800251579344,167.1191593480304,601.5538792998241,8.979646468477885,0
65.14203883518643,392.4484885557338,296.5599122059307,0.8412766225938284,1
82.97418037072016,353.8404673704579,714.4241640712422,3.9310390755940103,0
20.64212717606032,394.30748233620324,759.005282521931,1.0024556372287663,1
1.0995828658480478,258.63452822080467,102.51596406647445,0.16592480632597884,1
13.688563006880727,220.09949897774527,513.8544642067677,6.617186826439566,0
90.00186418481051,73.72626335314197,508.8905555910559,6.024494419665878,1
87.38900775625153,164.09637680465576,369.28077021554105,1.630191138148862,1
59.74131021703083,217.00968308693763,932.9248625696721,2.3381283309306413,1
60.051686043365336,44.30021483980862,827.5063198732212,0.2370775364451838,0
66.50366745462554,110.30597635560562,697.2093819096368,8.349472056944037,0
17.53712786234496,299.1126470318694,714.3266357349976,9.746905960485515,0
91.44119459249598,367.83155711959495,461.7161438131191,1.354595367946908,0
41.87705248920731,499.1737556964748,920.9945210965759,2.314752137652981,0
38.31385282494975,466.55666567177883,694.5954272532854,8.68409523946934,1
51.89177052828376,321.28259976759574,728.9810616558165,9.264637979561849,0
4.696596677505505,210.624026647036,861.6909037873453,4.196273828068104,0
16.628336875607943,318.0886823541164,274.071589342191,0.5062247226907413,0
73.80336164263704,392.825809040116,807.070903866703,0.393918336928194,1
8.279866792512646,59.16809546169366,195.24060295649204,5.739498660690105,0
60.31521094663882,204.95244484814413,345.34195224488786,3.9289510889317905,0
24.534910968132095,419.9011428178086,335.6104542698427,0.28652427577654516,0
38.929561404197656,191.916475966522,978.5254683891405,5.832523923125567,1
28.869373677069987,285.93613561359325,856.5372237479269,0.11302536589022472,0
35.567271646494916,293.8846804310991,701.1698615902598,7.87371958149273,0
71.90459051842456,92.23812656681967,727.0567616153901,3.064328227033716,1
29.7121715623175,181.1177208261442,562.072794402571,0.402580030092321,1
56.64046402968972,167.25564437096608,947.090667108519,5.883522209831533,1
47.60504021990997,13.098354266032397,496.25875288236153,3.976844144330547,0
66.36711653626482,12.095881945677622,380.51770986989453,9.738004133571495,0
93.6829739324758,415.8485218378867,163.035336931591,5.441986625037022,1
73.25720972102503,136.5354049864062,786.2056522610579,2.752391810370083,0
21.494037859075675,259.0393831194077,734.4439320755914,7.094388646339747,1
3.1183135061284672,149.36278679438652,384.3550385241349,2.714920025427113,0
26.22640442998251,470.3396225576703,25.19341395922936,9.04243291407565,0
59.507793070025485,129.64837943288688,838.9973277180108,3.747219705073764,0
5.1425813484250344,214.82840636946753,11.417983454073632,5.498685627762052,0
49.636624720123635,436.3651252423009,703.6997796290509,0.5057310382422886,0
59.68428489168892,420.9667833959043,970.257109726057,4.261212379522307,0
33.424389081696084,93.05070892313866,437.66132814820344,8.32363539660995,1
77.09122037458219,401.3216548978552,234.97340499595276,8.05648805363342,0
10.65982531337718,229.09344336894634,704.8710100433817,2.2431855885352627,0
7.513778173580876,241.4844360426776,817.1281420155851,2.260790710105627,1
72.81887562036033,66.7399862079719,546.4303160778474,8.173053122132368,0
49.549131620619846,40.300756878562325,967.0352752561462,9.303984201693256,0
68.84023964277361,363.9696534868826,51.6687216579611,0.9536092127300355,1
43.48273386037462,248.23057617764988,504.79559830452814,4.500586394262252,0
24.640203323910683,218.42535130758978,718.4539473225501,3.3745427896422897,1
81.91023176741997,364.75411432619836,862.640471149179,8.706884554574394,1
79.94158789689793,382.7564494955549,179.25561190779004,0.8352491468001877,1
69.46964708544267,79.45408383467678,800.0034817636814,2.111259425580374,0
27.21451372299627,305.1125747388206,552.7070757185453,7.524683375864943,0
59.023066686908706,67.67704113884277,396.5536819899632,0.5129384898121558,0
36.09738969400268,375.6875430145228,131.71502857909357,4.925353807142892,0
9.158207332663416,328.47757813356975,865.2957589089124,4.4210703467972,1
91.73135754622427,478.30731054172895,157.27320817971534,3.3440117898874866,0
13.68186309189614,34.47900817821059,309.7878592090992,3.945723153189238,0
95.02373538208025,28.52736057562716,290.0455319624369,5.29940586930233,1
44.600577295795574,141.09353734660007,871.4140341908543,1.6136735838838312,0
